word_name,class_name
orange,B
inn,B
bringing,A
seen,B
probability,A
ss,A
treasures,B
volunteer,B
supply,A
av,A
than,B
permits,B
keith,A
cannon,A
southeast,A
preparing,A
checking,A
pentium,A
pools,A
full,B
occasions,B
securities,A
flexible,A
gis,B
passengers,A
identifier,B
aimed,A
bishop,A
begin,B
coin,B
houston,A
rim,B
crucial,A
networking,A
ave,B
surround,B
morgan,A
client,A
collector,B
subaru,A
festival,A
gallery,A
runner,A
hint,A
msgid,B
centered,A
klein,B
scanner,B
email,B
wrapping,A
tier,B
lens,B
carpet,A
awards,A
heads,A
bowl,B
update,A
mo,A
aviation,A
sought,A
producers,B
marco,B
boutique,A
conversion,A
innovative,B
tucson,A
toolkit,A
hitting,A
included,A
lights,A
shift,B
adam,A
casio,B
freeze,B
parliamentary,B
journey,A
headers,B
studies,B
combines,A
dublin,A
begun,A
we,A
bolivia,B
burke,B
mobiles,B
that,A
breakdown,A
side,A
household,B
sq,A
dramatically,A
nevertheless,B
distributors,B
myth,A
auctions,A
bulk,B
forgotten,B
hung,B
contractor,A
legends,A
composite,B
insured,A
gym,A
expected,B
showers,B
comparing,A
promised,A
nick,B
scheme,A
this,A
present,B
google,B
argue,B
kilometers,B
saved,B
auckland,A
chips,B
cadillac,A
magic,A
backgrounds,B
notebooks,B
close,B
abuse,A
nightmare,A
planner,B
brad,A
sponsored,B
sites,B
cleaner,B
innovations,B
affecting,B
alberta,A
nfl,B
introduce,B
cabinets,A
inbox,B
vegetable,B
driving,B
mail,B
sunshine,A
fifty,B
millions,A
normal,B
bras,A
fuji,A
senator,B
pac,B
pamela,A
condos,A
kevin,B
urls,A
responded,A
sydney,A
tobago,B
longer,A
literally,A
fly,B
skills,A
wanting,B
raising,B
nations,A
holy,B
sv,A
hottest,B
wednesday,A
german,A
sticky,B
find,A
mi,A
guard,B
accept,B
country,B
battlefield,B
fundraising,B
analyst,B
american,A
appliances,A
technical,B
accuracy,B
solution,A
institutions,A
cambridge,B
ing,B
pain,A
harvard,B
comm,B
yet,A
consider,A
changelog,A
lucy,B
showcase,A
noticed,B
fifteen,A
metric,A
grave,A
rating,A
earned,B
trauma,A
japanese,A
wanted,A
defining,B
sacred,A
backing,B
importantly,A
electro,B
begins,A
wishing,B
named,B
adobe,A
ads,B
stunning,B
cardiovascular,A
township,B
vienna,B
ingredients,B
inquiries,A
rest,A
busy,A
today,A
funds,B
severe,A
orientation,B
challenge,B
victory,A
gba,A
leadership,A
jeremy,A
chose,B
governments,B
bedrooms,A
saskatchewan,A
inform,B
thumbzilla,A
adjustable,B
oops,B
convinced,A
spanish,B
achievements,A
inspections,B
reserve,B
altered,A
voluntary,B
picnic,B
durable,B
attacked,B
races,B
somewhat,A
inputs,A
antarctica,B
page,A
thehun,B
lit,B
os,A
delivers,A
lexus,B
fight,A
lounge,A
hopkins,A
chapters,A
below,B
australian,A
danger,A
healthy,B
participated,A
travesti,A
revealed,B
factor,A
arrested,B
constraint,A
composed,B
una,B
adolescent,B
decent,A
springs,B
obvious,A
fossil,B
distances,B
writes,B
prison,B
defence,A
donna,A
primarily,A
afghanistan,B
default,A
xml,B
presentations,B
wolf,A
procurement,A
modelling,A
tc,A
teaching,A
tons,A
caribbean,B
hockey,A
feel,A
bg,A
portraits,B
advisors,A
crossword,A
flowers,B
older,B
rw,A
awesome,B
quest,A
lean,B
tommy,A
marking,B
eclipse,B
drill,A
implement,B
obituaries,B
modify,B
firewire,B
children,A
shoppers,A
reading,A
disclose,B
mixer,A
entrepreneur,A
penalty,A
perfect,A
beneath,B
etc,A
ana,B
garlic,B
adding,A
cradle,A
arena,A
quizzes,A
lesbian,B
award,B
mba,B
buck,A
lone,A
creative,B
honest,A
coating,A
favor,B
vc,A
examinations,A
knee,B
widely,B
mx,A
fix,B
biol,A
late,A
reaches,A
albert,A
offerings,B
carriers,A
nutrition,A
gmt,B
attachment,A
take,B
maritime,A
advantage,B
cricket,B
archive,B
unless,B
marriott,B
put,B
ceiling,A
kiss,B
egg,B
radius,A
passive,B
admin,A
gl,A
ruling,A
limitations,A
quoted,A
pills,A
sheet,A
maintaining,B
col,B
evening,A
left,B
persistent,A
trip,A
chances,B
script,A
nearby,B
sheer,B
poems,B
verbal,B
summaries,A
electron,B
donors,A
tin,B
msgstr,B
closes,B
thriller,A
polish,B
simple,B
nudist,B
clothes,A
industry,B
alabama,A
business,B
hold,A
caught,A
parish,A
al,A
levitra,B
tanks,B
databases,A
resources,A
incidents,B
shuttle,B
iron,B
activity,B
digit,A
clark,A
condition,A
zero,A
judicial,B
delight,A
districts,B
many,A
percentage,A
speak,B
bear,B
forced,A
motor,B
dirt,A
weed,B
acquisitions,A
fda,B
custom,A
misc,B
sublimedirectory,A
diabetes,A
imagine,A
ambassador,A
showed,A
audi,A
studied,B
highways,B
thu,B
thereafter,A
fa,A
repair,A
tax,B
although,B
exclusion,A
validation,A
honolulu,B
ruby,B
cold,B
heavily,A
en,A
winners,A
safety,B
boxed,B
simultaneously,A
logged,A
subject,B
continent,A
around,A
collected,A
devil,B
unnecessary,A
toy,B
math,B
wilderness,B
acceptable,B
personals,B
zu,A
mauritius,A
omissions,A
ago,B
monkey,A
elementary,B
holdem,A
tanzania,A
antiques,B
detected,B
gloves,A
asbestos,A
nest,A
scsi,B
physiology,B
energy,A
federal,A
firmware,B
aboriginal,B
jerry,A
realize,B
place,B
telescope,A
reuters,B
avg,B
patch,A
paintball,A
seal,B
pie,B
hay,A
pale,A
pleasant,A
ottawa,A
lucas,A
submitted,B
prepare,B
famous,A
ear,B
providers,B
ko,A
operate,B
campaign,A
provided,B
precious,A
amenities,A
ol,A
cameras,B
apparatus,B
ie,A
imaging,A
riders,A
illustrations,B
aud,A
landing,B
advertising,A
plumbing,B
else,B
item,B
tales,A
titans,B
ryan,A
considers,A
unable,B
graduates,B
afraid,B
personalized,B
shirt,B
nsw,B
autumn,B
doctor,A
pregnancy,A
gods,A
become,A
beastality,A
herbs,B
yourself,A
commercial,B
civilization,A
publisher,A
bt,A
porcelain,A
visitors,A
pp,A
lonely,B
memo,A
winter,A
charged,B
ringtones,B
relocation,B
seven,A
meanwhile,A
extend,B
streets,B
lottery,A
makers,A
schema,B
harry,A
foul,B
differences,B
kenneth,A
management,A
adsl,B
dreams,A
granny,A
spec,A
williams,A
revolution,A
committees,A
political,B
beta,A
h,A
idol,B
tm,A
cycle,A
past,A
completely,B
basic,B
wood,A
unavailable,A
explore,B
robinson,A
oxide,A
emotions,A
myself,A
knives,A
entrepreneurs,A
encouraged,A
throwing,A
theories,A
remember,B
sb,A
commodity,B
sticker,B
messaging,A
diffs,B
whom,A
ce,A
fe,A
presents,B
roberts,A
ordered,A
specialized,B
flesh,B
buyer,B
podcasts,A
eva,B
language,A
giving,B
bubble,A
oct,B
movement,A
perfume,A
book,B
fs,A
write,B
sufficiently,A
replaced,A
hazards,A
blvd,B
engage,A
arkansas,B
greensboro,A
coordination,A
productivity,B
sake,B
missed,B
int,B
oval,A
tampa,A
seasons,B
option,B
mint,A
instructions,A
diversity,B
songs,B
spot,A
bite,B
pictures,A
beliefs,B
define,A
diesel,B
request,A
allah,A
nec,B
dividend,B
immediately,A
requests,A
keeping,B
suite,B
advertisement,B
playing,B
moldova,B
styles,A
leasing,B
ata,B
shake,B
life,B
underground,A
med,B
eh,A
viewers,B
mean,B
dat,B
sunny,A
leave,B
explanation,A
stating,B
gospel,B
latina,A
graham,A
half,B
liquid,B
west,A
cocktail,B
can,B
ignored,B
tiffany,A
festivals,B
lined,B
competitions,A
o,A
excluding,A
bed,A
plastic,B
competitors,A
butts,A
curriculum,B
guild,B
remainder,B
subsection,A
representing,B
conventions,B
summer,B
controversy,A
initially,A
cooperation,A
transportation,A
fishing,A
motors,B
traffic,A
operators,B
cash,B
greatly,A
stick,B
snap,B
villas,A
stretch,A
symantec,A
money,A
taken,A
wise,B
contributing,B
symptoms,A
dollar,A
convert,A
brings,A
success,B
destroy,A
instrumentation,B
hobby,A
paso,B
law,B
prescribed,A
finland,B
exceptional,B
bag,B
stuck,B
panama,A
remain,B
entertainment,B
francis,A
soonest,B
ny,A
hospitality,B
rays,B
ronald,B
aol,A
ongoing,B
film,A
peers,B
indoor,A
cancelled,B
chronicles,A
spiritual,B
these,B
communicate,A
tire,B
rebates,A
options,A
change,B
chemicals,B
insects,A
adapted,A
railway,B
homeland,A
spam,A
matches,A
trading,A
exception,B
gen,B
relevant,A
places,B
prep,A
telecharger,A
echo,A
crest,A
jewelry,A
purse,B
led,B
influenced,A
marie,A
bon,B
compact,A
guidelines,A
risk,B
ratios,A
blues,B
aus,B
objects,A
flower,A
fast,B
babes,A
memorial,B
prizes,A
best,A
cities,B
remembered,B
ruled,B
cooked,B
sport,B
logging,A
lanes,B
thumbs,A
farmers,B
quarters,A
duncan,B
cas,B
quilt,B
bush,A
skin,B
heath,A
jumping,B
consideration,B
likely,B
hudson,B
resort,A
forty,B
pichunter,B
citizens,A
permissions,B
rendered,B
geometry,A
wrapped,A
cost,B
dozens,A
doom,B
swingers,B
some,B
essex,B
leu,B
pounds,A
photographer,A
require,B
venue,A
pill,A
bang,B
golden,B
wishlist,A
deleted,B
packard,B
butter,B
squad,B
notebook,B
added,A
ro,A
lakes,A
willing,A
made,B
de,A
voyeurweb,A
regression,B
ellen,B
cache,B
renewable,A
technology,A
justify,B
til,A
manage,A
persons,B
offense,A
identifies,B
kathy,A
gb,A
julia,B
reaction,B
calibration,A
radar,B
monthly,B
retired,A
mounted,A
game,B
suspected,A
good,A
yellow,B
margin,B
waters,A
savannah,B
php,A
mb,A
oh,A
constant,A
cnn,B
reggae,A
content,B
rehab,B
respondent,A
sn,A
club,A
propose,B
surprising,B
recent,A
stolen,A
goals,B
compatible,A
presented,A
off,A
sega,B
launched,B
com,B
turtle,B
surge,B
going,B
bench,A
thompson,A
warranty,A
collection,A
pb,A
unique,A
dispatched,B
shopping,B
acquired,A
medline,B
seek,A
transmitted,B
jewish,B
fiction,B
invitations,B
yukon,B
direct,A
childhood,A
continuous,B
dutch,A
remains,A
telephony,B
operational,B
opportunity,A
acknowledge,B
females,A
live,A
useful,B
investigate,B
horn,B
doctrine,B
chorus,A
chen,A
announce,A
shipments,B
queensland,B
handmade,B
libraries,A
ricky,A
unlike,B
ad,A
delivery,A
duplicate,A
scratch,A
directly,A
recommendation,A
dubai,B
size,A
modifications,B
post,B
slots,A
duty,B
trailer,B
taught,A
oclc,B
move,A
arrange,A
empirical,B
gamespot,A
someone,B
newport,B
copyright,A
fits,B
cup,B
intent,A
volleyball,B
ti,A
estimated,A
silent,A
constructed,A
qld,A
worth,B
advocacy,B
ranking,A
hwy,A
activists,B
tiger,B
mayor,A
qt,A
massage,A
conference,A
secure,A
belle,B
leo,B
ee,A
cumulative,B
tours,B
exports,A
governmental,B
aquarium,B
janet,B
polyphonic,B
genesis,A
her,B
stamps,A
plymouth,A
volunteers,B
sin,B
posting,B
introduction,B
processing,A
socket,B
gtk,B
kinda,B
protecting,A
hotels,A
april,A
desk,A
clock,A
testament,A
pointed,A
ld,A
deck,A
structured,B
collar,A
warrior,B
crossing,A
oliver,A
california,A
boats,B
waterproof,A
acrylic,A
roll,B
implementing,B
hardcover,B
sponsorship,B
cr,A
athletes,A
corresponding,A
frequencies,B
feet,A
ladder,A
venues,B
industries,B
belongs,B
wherever,A
cfr,B
icons,A
ext,B
mw,A
weapon,B
drag,B
pilot,A
receives,A
licking,B
vaccine,B
expo,A
interested,B
universities,B
blocks,A
complexity,A
corruption,B
settings,A
continued,A
formula,B
milton,B
gadgets,B
pa,A
wagon,B
small,B
excel,B
fat,B
license,B
ohio,A
avenue,A
remaining,B
alien,A
poor,B
punishment,B
johnson,A
purchased,B
broke,B
ceramic,A
rosa,B
gras,A
announces,A
recorded,B
tale,B
integral,A
rear,B
robbie,A
soon,B
horse,A
horses,A
containers,A
ga,A
generations,B
revenge,A
woman,A
alpha,A
looked,B
tries,A
blogs,B
coal,A
loc,A
might,A
ecological,A
copies,B
fresh,A
meant,A
recycling,A
timing,A
soa,B
territories,A
retrieved,B
essentially,A
peace,B
libs,B
ll,A
perspectives,A
slovak,B
j,A
fitness,A
daily,B
belts,B
tried,A
hybrid,A
ref,B
savings,B
sufficient,A
craft,B
varies,A
ky,A
aaa,B
wallace,B
dv,A
illegal,A
earrings,B
mario,B
wto,B
cyber,A
managing,A
yorkshire,B
young,A
takes,A
commitments,B
denied,B
brunei,A
sense,A
dg,A
trivia,A
rage,A
highlights,A
international,B
drinks,A
daughters,B
figures,B
spread,B
hundred,B
expense,B
refrigerator,A
defined,A
federation,A
earn,B
trains,A
paul,A
gather,B
exactly,A
vendors,B
pulse,B
observations,A
the,B
spine,B
gap,B
journals,A
rice,A
bottles,B
gibraltar,A
arnold,B
towns,B
heat,A
apps,A
pvc,A
imperial,B
patient,B
due,B
floppy,A
ed,A
rotary,B
airplane,A
selective,B
ab,A
moving,B
agrees,A
weapons,A
destruction,B
frames,A
point,B
cheats,A
admit,A
twisted,A
lamps,B
managers,A
turbo,B
undertaken,A
wire,B
specifies,A
ut,A
process,A
oman,A
beaver,A
yacht,B
fiji,B
eligibility,A
smooth,A
finds,A
round,A
firm,B
adopt,A
website,B
credit,A
norm,A
generous,A
kidney,A
burn,B
refurbished,A
ho,A
editorials,A
goat,B
croatia,A
deluxe,A
strength,A
diff,B
treo,B
reward,B
cameron,B
reserves,A
dvd,A
characterized,B
pledge,B
idle,B
efforts,B
cube,A
runs,A
possess,B
affiliates,A
font,B
vid,B
xerox,A
johnston,A
walnut,A
even,A
barrier,A
rebate,A
prescription,A
character,B
tribute,B
drilling,A
posters,B
sol,B
optimum,A
workstation,A
discovered,B
medicines,B
israeli,B
conf,A
exposure,A
center,A
listed,A
board,B
chevy,B
ruth,A
mad,B
reviews,B
ford,B
goal,B
pulled,B
mainstream,A
few,A
beans,B
ampland,B
formed,B
depression,B
disney,A
decorating,A
gm,A
virgin,B
usc,B
hook,B
targets,B
rand,A
view,B
node,A
event,B
temporary,B
usb,B
preparation,B
intensity,A
fog,B
spirits,B
learn,B
connections,A
yea,B
sequences,B
lat,B
attempting,A
complaint,A
brook,B
rpg,B
authorization,B
of,A
sharp,A
stakeholders,A
colors,A
preserve,B
moments,B
meal,B
doctors,B
univ,A
solved,A
flu,B
pattern,B
photographs,B
barbara,B
music,B
motion,B
ali,A
peak,B
diameter,B
slovakia,B
penny,A
nottingham,A
guru,B
fridge,A
hierarchy,B
funded,B
hotmail,A
vacations,B
absorption,B
participating,A
investors,B
library,A
conferences,A
limitation,A
latter,B
aged,A
speed,B
midnight,A
passion,B
arcade,A
connecticut,A
dialog,B
marine,B
gps,B
verzeichnis,B
colorado,A
correspondence,A
proxy,B
distance,B
engines,A
decade,A
advisor,B
logs,B
used,A
pas,B
excerpt,B
already,A
market,A
indonesian,A
image,B
environments,A
texas,A
mission,B
c,A
baseball,B
connecting,B
heading,A
painted,A
cu,A
region,B
marks,A
picks,B
christmas,A
audio,A
social,A
director,A
webster,A
turned,B
beginners,B
trim,B
ends,A
mrna,A
ethiopia,A
working,B
rapids,A
intake,A
managed,A
cuts,B
assumed,B
name,B
tune,A
litigation,A
pro,B
indicate,A
newsletters,B
develop,A
box,B
states,B
conclusions,B
wonderful,B
vegetation,B
coupon,A
hawaiian,B
basically,A
tf,A
webcast,B
defendant,A
legendary,B
airports,A
dental,B
walked,B
scenic,B
once,A
sapphire,A
mighty,A
sparc,A
immigration,A
billy,A
exotic,B
russian,B
hop,B
systems,B
enjoy,A
processed,A
lib,A
librarian,A
concert,A
commissions,A
divx,B
supplies,B
repository,A
buys,B
climb,B
usr,B
very,A
formatting,A
feeding,B
bills,A
computers,B
marketplace,B
painting,A
grain,B
richardson,B
subscribe,B
graph,B
list,A
optical,A
usda,B
buy,A
set,B
void,A
innocent,A
conditioning,A
blair,A
precision,B
phentermine,A
meter,B
spreading,B
massive,A
dts,B
sorry,A
incorrect,A
hugh,B
diet,A
ron,B
determined,A
elect,B
prague,B
atom,B
lots,A
smithsonian,A
chuck,B
second,A
llp,B
changed,B
mar,B
breed,B
syracuse,A
evaluated,B
commission,B
inside,A
pioneer,B
jack,B
booty,B
laptops,B
student,B
sexual,B
recorders,B
exhibit,B
went,A
instructor,A
mood,A
replica,A
cabin,A
bureau,B
transformation,A
doing,B
truth,A
programmers,B
foundation,A
babe,A
ban,B
brian,A
rivers,A
guys,B
vii,B
seemed,B
prepaid,B
zoloft,A
arabic,B
queen,B
lies,A
medications,B
indicator,B
replace,A
hurt,B
mat,B
fluid,B
dome,B
davis,A
movie,B
developmental,A
tenant,A
limits,A
gilbert,B
mon,B
href,B
fatal,B
pursue,B
keys,B
telecommunications,B
sys,B
yeah,B
ring,B
budgets,B
consistent,A
lancaster,B
throws,A
show,A
pleased,A
should,B
reaching,A
respected,A
origin,A
screens,B
couple,A
shares,A
minimal,B
swing,B
anger,B
customers,B
checked,B
labs,A
prayers,A
experiments,B
stock,B
machines,A
isp,B
switzerland,A
funky,B
infections,A
monitors,A
smoke,B
investments,B
head,B
trackbacks,A
promotes,A
either,A
acquire,B
conversation,A
genome,B
consultancy,A
precise,A
girl,A
situations,A
flexibility,A
bachelor,B
translated,A
claims,B
everyone,A
animals,B
bicycle,A
excellence,A
men,B
produces,A
double,A
proudly,B
installations,B
substantial,A
rotation,B
generation,B
upgrading,A
designed,B
builds,B
orlando,A
miniature,A
puzzle,B
spouse,A
currently,A
crude,B
certification,A
johnny,A
philips,B
mazda,B
surveys,B
pf,A
aaron,A
profit,A
ez,A
lazy,B
sink,B
abraham,A
africa,A
whole,A
occurrence,B
mg,A
stem,B
grows,B
waiting,A
amplifier,B
studying,A
elected,B
christian,B
epa,A
goes,B
tulsa,B
blogging,B
er,A
health,B
describing,A
reply,A
amongst,B
lending,B
irc,B
classes,A
burst,B
victor,B
gerald,A
largest,A
uk,A
rhode,B
korea,B
allowing,A
cited,A
lovely,B
procedures,A
experienced,B
different,B
ericsson,B
consists,A
dryer,A
metallica,B
canvas,B
conditions,A
economy,A
preston,A
mobility,A
logan,B
okay,A
keyboards,B
incorporated,A
particular,B
cruises,B
upset,A
trips,A
modem,A
std,B
dl,A
attendance,B
premier,B
ccd,B
anonymous,A
priest,A
continue,A
subjects,A
dragon,B
rat,B
governor,B
contributor,B
autos,B
noted,A
afterwards,A
dd,A
precisely,B
ebony,B
greetings,B
constraints,A
refresh,A
combination,B
pink,B
apt,B
bangkok,B
india,A
allocation,B
bp,A
survivors,B
distributor,B
viii,A
usa,B
transcripts,A
greatest,A
boy,B
disciplinary,B
shown,A
jackets,B
thai,B
carlos,A
fixtures,A
fold,B
chad,A
accounts,A
studios,B
exam,A
closest,B
movies,B
loads,B
clinics,B
lovers,A
standings,B
hardwood,B
template,A
primary,B
ph,A
ict,B
mediterranean,B
how,A
oo,A
deeply,B
listing,B
during,A
wr,A
ca,A
setting,A
timely,B
models,A
located,A
adaptive,B
heel,B
golf,B
perform,B
projects,A
lip,B
reactions,A
amateur,B
armed,B
guess,B
anybody,B
slight,A
gates,B
spring,B
installed,A
fascinating,A
focal,A
dying,B
minds,A
extension,B
plenty,B
sweet,B
persian,A
hands,A
celebration,A
appear,B
chamber,B
clarke,A
prevent,B
stages,B
jeans,B
bears,B
careful,B
wife,B
th,A
proud,A
cingular,A
parcel,A
wines,B
cubic,B
elsewhere,A
omega,B
actively,B
running,A
browsing,A
qualities,A
inc,B
temp,B
adult,B
gzip,A
upgrade,B
pipeline,B
yards,A
herbal,B
fist,A
equity,B
constitute,A
packed,B
successful,B
verification,B
barbie,A
cruise,B
ensemble,B
scary,B
df,A
estimate,A
midlands,A
deadline,B
tp,A
bm,A
watson,A
kong,B
free,B
advice,B
brighton,A
nowhere,A
eminem,B
thesaurus,B
normally,A
school,A
ssl,B
deborah,B
adjust,B
eu,A
gratis,A
gst,B
drum,A
troops,B
enter,B
issue,B
theoretical,B
evident,B
delhi,A
gain,A
mechanisms,A
quite,B
depth,B
rats,A
interaction,B
win,B
crime,B
continuing,B
bored,B
deficit,B
rings,B
confidence,A
answered,B
intranet,A
missions,A
metals,A
absence,A
clause,A
api,A
dsl,B
responding,A
naval,B
cookie,A
structure,B
recognized,A
junior,A
hl,A
affiliation,A
prefers,B
collectibles,A
warning,A
achieving,A
violence,A
files,A
generator,B
parallel,A
symbol,B
coat,B
limiting,A
version,B
franklin,A
predict,A
tactics,B
into,B
hi,A
valuation,B
exhaust,B
functions,B
file,A
lawsuit,B
blades,A
rangers,B
constantly,A
novelty,A
restrictions,A
began,B
ink,B
later,A
jokes,A
ozone,B
names,A
blogger,B
beads,A
work,A
shop,A
class,A
emma,B
viewpicture,A
achievement,A
cst,B
widespread,B
riding,A
till,A
displaying,B
spectacular,A
estimation,A
wav,B
converter,A
folks,B
formerly,B
athens,B
toe,B
charter,A
cindy,A
villa,A
impression,B
otherwise,A
island,A
weekends,A
fell,B
restored,A
optional,B
raymond,A
instruction,A
cellular,A
facilitate,B
politics,A
sh,A
paperbacks,A
briefly,A
batch,A
salt,A
veterans,A
preliminary,B
bracelets,B
terrorism,A
boston,A
jacksonville,A
humanitarian,B
served,B
yemen,A
swimming,B
subsidiary,B
long,A
freight,A
stage,A
controlling,A
mandate,B
builder,B
sources,B
neck,B
provide,B
gui,B
wellington,A
personal,B
sec,B
amounts,B
slip,B
halifax,A
accessed,A
sellers,B
kansas,B
reflections,B
wax,A
wallpapers,A
fish,B
susan,B
python,A
horrible,B
original,B
intensive,A
hours,B
suggests,A
breach,A
pump,B
romance,A
physics,B
connection,A
lo,A
sunglasses,A
shakespeare,A
hazard,B
ideal,B
shame,A
cleveland,A
motorcycle,A
discussing,A
manufacturing,A
ceo,A
paintings,A
pierre,B
petersburg,B
paragraphs,A
islands,A
americas,A
technological,B
ground,A
authors,B
maple,A
nv,A
optics,B
responsibilities,A
methodology,A
biggest,B
wp,A
dev,A
baskets,B
booking,A
pokemon,A
contributions,B
vic,B
beatles,B
members,B
classical,A
soldiers,A
polo,B
pressed,A
animated,A
glasgow,A
undergraduate,B
snapshot,A
vintage,A
devon,A
control,B
joshua,B
hawaii,B
cos,B
mins,A
lock,A
src,B
qc,A
oe,A
units,B
remind,B
completion,B
kinds,A
alot,A
tag,B
shipped,B
resist,B
q,A
mats,B
wrote,A
unlimited,A
cement,A
fonts,B
bow,B
mexican,B
solutions,A
algorithm,B
automobiles,B
drain,B
rn,A
expert,A
bulgarian,B
framework,A
workers,B
concern,B
cod,B
pensions,A
paypal,A
hc,A
malawi,B
investigators,B
et,A
effective,A
mlb,B
wa,A
previously,A
recommended,A
tension,A
easier,B
ha,A
party,B
interactions,A
pest,A
handbook,B
albania,A
cables,A
there,B
consortium,A
complement,A
personality,B
disability,A
grid,A
secret,A
transcript,A
rights,A
tahoe,B
gambling,B
hosting,B
dump,B
americans,A
sms,B
belkin,B
twelve,A
homework,A
bennett,A
arab,B
release,B
cycles,A
mode,A
rent,A
athletic,A
horror,A
blacks,A
associations,A
national,B
rebecca,A
gulf,B
word,A
home,B
variation,B
lycos,A
asus,B
spies,B
headset,A
linking,B
everything,A
timeline,A
eyes,A
veteran,A
personnel,B
epinions,B
float,B
blind,A
allergy,A
jail,B
polymer,B
partly,B
shoot,B
consultation,B
specialty,A
recovered,A
danny,A
magnetic,B
removal,B
olympic,A
history,A
referral,A
cathedral,A
championship,A
behavior,B
informed,B
hotel,A
hate,A
compounds,B
fares,A
enhancing,A
trades,A
impossible,B
enlarge,A
institution,A
jr,A
bowling,A
decrease,A
iran,A
retained,B
medieval,B
thru,A
wired,A
plug,B
protection,A
ja,A
equal,B
remix,A
representatives,B
analyzed,A
about,A
dog,B
knight,A
element,B
travelling,A
actor,B
schedules,B
steel,B
nr,A
comp,B
therefore,B
straight,A
critical,A
applicable,A
controversial,B
bars,A
assumption,A
packet,B
mini,A
supplement,A
westminster,A
heroes,B
isbn,B
wrist,A
involvement,A
mime,B
tell,B
damage,A
gage,A
segment,B
clips,B
editor,A
rank,A
tough,A
thought,B
engineering,B
legitimate,A
retrieval,B
open,B
killed,A
ff,A
approximate,A
apparently,B
its,B
arizona,A
robots,A
forecasts,B
financing,A
calculator,A
mine,A
contracting,B
dictionary,B
productive,B
churches,B
oxford,B
authorities,A
matter,B
relating,A
entry,A
nicaragua,B
disappointed,A
captain,B
championships,A
circuit,B
reliance,B
claimed,A
shot,A
applicants,A
facing,B
please,A
juvenile,B
necessity,A
dt,A
nextel,A
budget,B
components,A
bleeding,B
count,B
chairs,A
techrepublic,B
weight,A
panic,A
obligation,A
signing,A
sic,B
bearing,A
occupations,B
my,A
preference,A
hugo,B
thou,B
collectables,A
wholesale,A
sky,A
architect,B
photos,A
msg,B
bull,B
first,A
ash,B
shaped,A
tee,A
rental,B
modern,A
preventing,B
zones,A
rod,A
cars,A
communities,A
emily,B
facilities,A
dig,B
behind,A
mediawiki,A
forth,B
calculated,A
quiet,A
waiver,A
explaining,A
initial,A
ips,B
downtown,B
wilson,B
sponsor,B
families,B
textiles,A
maximize,A
cattle,B
united,A
happy,A
adapter,B
transparent,B
citysearch,B
pittsburgh,A
alternative,B
described,B
flash,B
asset,B
equality,A
controls,A
manner,A
magical,A
r,A
jc,A
telephone,A
pressure,B
farming,B
fate,A
inquire,B
surgeon,B
sexually,A
residents,B
approx,A
movers,B
minutes,B
algorithms,B
examined,A
terms,A
hot,A
plc,B
portal,B
kingdom,B
things,A
harmony,B
ou,A
case,A
details,B
mines,A
coach,B
tournaments,B
austria,B
reunion,A
references,A
geek,A
occurs,A
damages,A
nav,B
sexuality,A
playstation,A
song,A
representations,B
isolated,A
visa,A
wins,A
eliminate,A
natural,B
dept,B
biography,A
historical,B
glance,A
marketing,A
rt,A
counters,A
fit,B
oven,B
olive,A
founder,A
outcomes,A
floors,A
privileges,A
trucks,A
accepts,B
certified,B
improvement,B
i,A
relaxation,B
divided,B
employer,B
mississippi,A
tones,B
slides,A
shirts,B
candles,B
domestic,A
yang,B
kits,A
von,B
initiative,A
accommodation,B
occurring,A
dir,B
flashing,A
rugs,A
olympics,B
l,A
handled,B
rewards,A
oracle,A
cdna,A
spears,A
analyzes,A
futures,B
counter,A
qui,B
butterfly,B
engagement,A
ghz,B
get,B
browser,B
peeing,B
consistently,A
den,B
corporations,A
config,A
jewel,B
hawk,B
lay,B
boss,B
incurred,B
wells,A
lincoln,A
luther,B
patent,A
submissions,A
partial,A
provisions,A
middle,A
dairy,A
arranged,A
relations,B
declared,A
third,B
turkish,B
witness,A
eyed,A
saudi,A
beds,A
acids,B
they,A
glow,A
big,A
rick,B
exchange,A
mali,A
countries,B
reflect,B
patents,B
dream,B
martial,B
eating,A
brother,B
riverside,A
degrees,A
cet,A
window,A
sagem,A
regulatory,A
dimensional,A
hydrogen,A
land,A
promotional,B
winner,A
virtue,A
compensation,A
dakota,B
belt,B
calling,A
flame,B
merry,A
def,B
root,B
ferrari,A
wooden,A
guest,B
stanford,B
destination,B
talented,B
beginning,A
memphis,A
friday,A
roles,B
envelope,A
collaboration,A
eugene,B
hairy,A
neo,B
concerts,A
berkeley,B
assessing,B
nurses,A
prototype,B
myspace,A
memories,B
florida,A
mai,B
za,A
statutory,A
matters,B
longest,A
happening,A
euro,A
inspector,B
singh,B
aggregate,B
achieved,A
chicks,A
cheque,B
marina,A
indicating,A
manitoba,A
services,A
simulations,B
level,B
childrens,A
qualifying,A
die,B
subsequent,B
mechanics,B
arm,B
associates,A
chairman,A
antique,B
looksmart,A
honda,B
ipaq,A
joint,B
presently,B
alice,A
performance,B
reads,A
vocal,B
string,A
artwork,A
modification,B
exclusive,A
strips,A
depends,B
asylum,B
lecture,B
mathematical,A
rg,A
tracking,A
born,B
maldives,B
stupid,B
guaranteed,A
cons,A
chi,A
san,B
coastal,A
cooperative,B
medium,A
intended,B
ethics,A
creatures,B
lopez,A
tiles,A
database,B
robert,A
graduated,B
login,A
sessions,A
watt,A
olympus,B
peoples,B
lightbox,A
lists,A
evaluate,B
month,B
wayne,A
cut,A
grip,A
aug,A
requesting,A
portable,A
filled,A
innovation,B
dictionaries,A
jobs,A
monday,A
for,B
temporal,A
barbados,A
under,A
nz,A
false,B
build,B
yields,B
criteria,A
send,A
wanna,B
checks,A
ones,A
derek,B
encoding,B
electoral,B
previous,A
unexpected,B
ar,A
hiring,B
was,A
prayer,A
stands,A
framed,A
hr,A
consistency,A
indirect,A
maintained,B
wagner,A
tie,B
guided,A
range,B
expansys,B
herein,B
cabinet,A
mortgages,B
ht,A
ministry,B
pdf,B
royal,A
recently,B
briefs,A
screenshot,A
their,A
phrases,B
admissions,A
recommends,A
authentication,A
calgary,B
coffee,A
term,A
worm,A
helen,B
central,B
charlotte,B
housing,A
qualify,A
channels,B
kb,A
courtesy,A
madonna,A
fashion,B
recreation,B
acer,A
equation,A
nobody,B
usd,B
fees,A
infectious,A
fixed,A
streams,A
noise,B
interval,A
inventory,A
able,A
priorities,A
yours,B
sims,A
enzyme,B
nc,A
hq,A
oriental,B
draws,B
thomson,A
printer,A
fed,A
knows,B
pin,B
adidas,A
tri,B
receiver,A
ira,B
tradition,A
professor,B
edges,B
extraordinary,B
bidder,A
anything,A
bond,B
uruguay,A
emotional,B
vinyl,B
sunday,A
dynamics,A
determining,A
refinance,A
lisa,A
fleet,B
engine,A
fox,B
baby,A
july,A
adelaide,B
inkjet,A
troy,A
costa,B
div,B
rpm,B
fisher,B
hall,A
directors,A
determines,A
documented,A
environmental,A
greece,A
congo,A
hello,B
kill,A
attribute,B
yu,A
centres,B
state,B
malta,A
surf,A
august,A
patrick,A
rover,A
students,B
nvidia,B
belize,A
pending,B
walker,B
wichita,A
seminars,A
be,A
tuner,A
dark,B
casting,B
as,A
washington,A
upc,B
locations,B
editorial,A
v,A
cognitive,A
endangered,A
explicit,B
titled,B
baker,B
qatar,A
ia,A
mug,B
tractor,A
jackson,A
phd,B
shed,A
recommend,A
owns,A
contributors,B
twiki,B
sing,B
singapore,B
dates,B
sri,B
fill,A
bouquet,A
placing,B
recipient,B
productions,B
attributes,B
yield,B
wy,A
springer,B
apnic,B
albany,A
lectures,B
reflected,B
protected,A
gratuit,B
touch,A
incidence,B
ltd,B
universe,A
irrigation,B
flood,A
programming,A
loans,B
armenia,B
mount,B
luck,A
ended,B
thermal,A
remedy,B
expects,B
mountains,B
volkswagen,A
silver,A
machine,A
trap,A
smilies,A
lord,A
kg,A
beside,A
auditor,A
dave,B
thickness,A
tape,A
calculate,A
complaints,B
love,A
unemployment,B
assembly,B
existence,A
livecam,A
promo,A
beast,B
furnished,A
or,A
corps,B
wrap,A
dose,B
texture,B
slim,B
christians,B
tired,A
refused,B
implementation,A
cdt,A
assigned,B
area,A
convicted,A
parameter,B
babies,B
trends,A
alive,A
load,B
progressive,B
clocks,A
trout,A
mass,A
connectors,A
encyclopedia,A
shows,A
experiment,B
moves,A
dependent,B
jump,B
benefits,A
spanking,A
italic,B
officially,A
him,B
dating,B
axis,A
neutral,A
belgium,A
spell,B
cord,B
compressed,A
norway,A
reviewed,B
footage,B
solaris,A
outlets,B
packaging,A
recipes,B
pleasure,B
earlier,B
nt,A
websites,B
taiwan,B
degree,A
tight,A
channel,B
gathered,A
asthma,B
discovery,B
zinc,B
appointed,A
systematic,B
bryant,A
organizer,B
coupled,A
obesity,A
tube,A
challenged,B
sentences,B
herald,A
baking,B
tgp,B
carnival,A
monetary,A
girlfriend,B
harmful,B
speaking,B
publicly,B
parental,B
rate,A
housewives,A
norton,A
lack,B
select,B
wine,B
organ,A
ste,B
retention,A
trying,A
transactions,A
sg,A
hazardous,B
activated,A
periods,B
injection,B
category,A
stainless,B
dk,A
themes,A
les,B
worship,A
allowance,A
sales,B
portuguese,B
finishing,B
screensaver,B
wild,B
fame,B
sandy,B
source,B
nhl,B
dock,A
guy,A
rare,A
according,A
enabling,A
ceremony,B
graduation,B
arbitration,A
heart,B
cornwall,B
fu,A
irish,B
poland,B
mostly,B
express,A
deposit,B
burden,B
hydraulic,A
officers,A
antivirus,A
ski,B
projection,A
marker,B
masters,B
outdoor,B
confidentiality,B
heated,A
reflects,B
rides,B
edinburgh,B
webshots,A
homeless,A
sides,A
jews,B
wool,A
drainage,B
oil,B
teddy,A
bibliographic,B
repeated,A
seq,B
lawyers,B
barn,B
doors,B
seating,B
fioricet,A
shopzilla,A
tuesday,B
nov,B
raise,B
interstate,B
oaks,A
grill,A
laboratory,A
brochure,A
